{
  "name": "🛠️Scrape Demo",
  "nodes": [
    {
      "parameters": {
        "jsCode": "const data = $input.first().json.data\n \nconst regex = /https?:\\/\\/[^\\/]+/g\n \nurls = data.match(regex)\n \nreturn urls.map(url => ({json: {url: url}}))"
      },
      "id": "4759521e-1da9-4759-b121-af3a3064b38f",
      "name": "Code",
      "type": "n8n-nodes-base.code",
      "typeVersion": 2,
      "position": [
        1060,
        320
      ]
    },
    {
      "parameters": {
        "conditions": {
          "options": {
            "caseSensitive": true,
            "leftValue": "",
            "typeValidation": "strict",
            "version": 2
          },
          "conditions": [
            {
              "id": "7ecfbe72-c09a-482e-8f81-43d9e7bb2917",
              "leftValue": "={{ $json.url }}",
              "rightValue": "(google|gstatic|ggpht|schema|example)",
              "operator": {
                "type": "string",
                "operation": "notRegex"
              }
            }
          ],
          "combinator": "and"
        },
        "options": {}
      },
      "id": "6754ca13-fb31-4506-98c4-2c1b4fd626e8",
      "name": "Filter",
      "type": "n8n-nodes-base.filter",
      "typeVersion": 2.2,
      "position": [
        1280,
        320
      ]
    },
    {
      "parameters": {
        "compare": "selectedFields",
        "fieldsToCompare": "url",
        "options": {}
      },
      "id": "dff372f9-bd8f-43fa-97ea-224cf21ddd55",
      "name": "Remove Duplicates",
      "type": "n8n-nodes-base.removeDuplicates",
      "typeVersion": 2,
      "position": [
        1480,
        320
      ]
    },
    {
      "parameters": {
        "url": "={{ $json.url }}",
        "options": {}
      },
      "id": "b8c29e5c-48ce-40b2-99b2-69042866d1f0",
      "name": "HTTP Request1",
      "type": "n8n-nodes-base.httpRequest",
      "typeVersion": 4.2,
      "position": [
        1920,
        340
      ],
      "onError": "continueRegularOutput"
    },
    {
      "parameters": {
        "options": {}
      },
      "id": "f88f5ddc-3310-4597-86f5-6e45025c7f58",
      "name": "Loop Over Items",
      "type": "n8n-nodes-base.splitInBatches",
      "typeVersion": 3,
      "position": [
        1700,
        320
      ],
      "onError": "continueErrorOutput"
    },
    {
      "parameters": {
        "jsCode": "const data = $json.data\n \nconst emailRegex = /[a-zA-Z0-9._%+-]+@[a-zA-Z0-9.-]+\\.(?!png|jpg|gif|jpeg)[a-zA-Z]{2,}/g\n \nemails = data.match(emailRegex)\n \nconsole.log(emails)\n \nreturn {json: {emails: emails}}"
      },
      "id": "5a3090a2-a72e-4bec-aa36-4815a680bdd1",
      "name": "Code1",
      "type": "n8n-nodes-base.code",
      "typeVersion": 2,
      "position": [
        960,
        740
      ],
      "onError": "continueRegularOutput"
    },
    {
      "parameters": {
        "options": {}
      },
      "id": "670921fe-1b59-449d-a877-35691008abc2",
      "name": "Loop Over Items1",
      "type": "n8n-nodes-base.splitInBatches",
      "typeVersion": 3,
      "position": [
        820,
        520
      ],
      "onError": "continueErrorOutput"
    },
    {
      "parameters": {
        "operation": "append",
        "documentId": {
          "__rl": true,
          "value": "1SXxqg-v7AkS4HsHNLN7KY-ryP5ZDyHiMycWHrMP7IW8",
          "mode": "list",
          "cachedResultName": "Scraping Emails",
          "cachedResultUrl": "https://docs.google.com/spreadsheets/d/1SXxqg-v7AkS4HsHNLN7KY-ryP5ZDyHiMycWHrMP7IW8/edit?usp=drivesdk"
        },
        "sheetName": {
          "__rl": true,
          "value": 1216822123,
          "mode": "list",
          "cachedResultName": "Sheet2",
          "cachedResultUrl": "https://docs.google.com/spreadsheets/d/1SXxqg-v7AkS4HsHNLN7KY-ryP5ZDyHiMycWHrMP7IW8/edit#gid=1216822123"
        },
        "columns": {
          "mappingMode": "defineBelow",
          "value": {
            "Emails": "={{ $json.emails }}"
          },
          "matchingColumns": [
            "Emails"
          ],
          "schema": [
            {
              "id": "Emails",
              "displayName": "Emails",
              "required": false,
              "defaultMatch": false,
              "display": true,
              "type": "string",
              "canBeUsedToMatch": true,
              "removed": false
            }
          ]
        },
        "options": {}
      },
      "id": "d0c998d1-cd86-4c5a-9401-e1809937a705",
      "name": "Google Sheets",
      "type": "n8n-nodes-base.googleSheets",
      "typeVersion": 4.5,
      "position": [
        1740,
        540
      ],
      "credentials": {
        "googleSheetsOAuth2Api": {
          "id": "DKJyEjZyGh00GFMv",
          "name": "Google Sheets account"
        }
      }
    },
    {
      "parameters": {
        "url": "=https://www.google.com/maps/search/{{ $json.query }}",
        "options": {}
      },
      "id": "53fed19d-01c4-4be2-b99e-26a6f65f3002",
      "name": "HTTP Request",
      "type": "n8n-nodes-base.httpRequest",
      "typeVersion": 4.2,
      "position": [
        840,
        320
      ]
    },
    {
      "parameters": {
        "fieldsToAggregate": {
          "fieldToAggregate": [
            {
              "fieldToAggregate": "emails"
            }
          ]
        },
        "options": {
          "mergeLists": true
        }
      },
      "id": "8d9a0ee1-5183-4e7c-8cea-aa703fad613d",
      "name": "Aggregate",
      "type": "n8n-nodes-base.aggregate",
      "typeVersion": 1,
      "position": [
        1080,
        540
      ]
    },
    {
      "parameters": {},
      "id": "11de7277-9ef7-459d-a8dd-38c48e17d487",
      "name": "Execute Workflow Trigger",
      "type": "n8n-nodes-base.executeWorkflowTrigger",
      "typeVersion": 1,
      "position": [
        620,
        320
      ]
    },
    {
      "parameters": {
        "fieldToSplitOut": "emails",
        "options": {}
      },
      "id": "21c542da-103b-4f90-8485-175b1e213c43",
      "name": "Split Out",
      "type": "n8n-nodes-base.splitOut",
      "typeVersion": 1,
      "position": [
        1300,
        540
      ],
      "alwaysOutputData": true,
      "onError": "continueRegularOutput"
    },
    {
      "parameters": {
        "compare": "selectedFields",
        "fieldsToCompare": "emails",
        "options": {}
      },
      "id": "e66498a7-afee-45c9-b06f-b86e048b9e6c",
      "name": "Remove Duplicates1",
      "type": "n8n-nodes-base.removeDuplicates",
      "typeVersion": 2,
      "position": [
        1520,
        540
      ],
      "alwaysOutputData": true,
      "onError": "continueRegularOutput"
    }
  ],
  "pinData": {
    "Execute Workflow Trigger": [
      {
        "json": {
          "query": "area+keyword"
        }
      }
    ]
  },
  "connections": {
    "Code": {
      "main": [
        [
          {
            "node": "Filter",
            "type": "main",
            "index": 0
          }
        ]
      ]
    },
    "Filter": {
      "main": [
        [
          {
            "node": "Remove Duplicates",
            "type": "main",
            "index": 0
          }
        ]
      ]
    },
    "Remove Duplicates": {
      "main": [
        [
          {
            "node": "Loop Over Items",
            "type": "main",
            "index": 0
          }
        ]
      ]
    },
    "HTTP Request1": {
      "main": [
        [
          {
            "node": "Loop Over Items",
            "type": "main",
            "index": 0
          }
        ]
      ]
    },
    "Loop Over Items": {
      "main": [
        [
          {
            "node": "Loop Over Items1",
            "type": "main",
            "index": 0
          }
        ],
        [
          {
            "node": "HTTP Request1",
            "type": "main",
            "index": 0
          }
        ]
      ]
    },
    "Code1": {
      "main": [
        [
          {
            "node": "Loop Over Items1",
            "type": "main",
            "index": 0
          }
        ]
      ]
    },
    "Loop Over Items1": {
      "main": [
        [
          {
            "node": "Aggregate",
            "type": "main",
            "index": 0
          }
        ],
        [
          {
            "node": "Code1",
            "type": "main",
            "index": 0
          }
        ]
      ]
    },
    "HTTP Request": {
      "main": [
        [
          {
            "node": "Code",
            "type": "main",
            "index": 0
          }
        ]
      ]
    },
    "Aggregate": {
      "main": [
        [
          {
            "node": "Split Out",
            "type": "main",
            "index": 0
          }
        ]
      ]
    },
    "Execute Workflow Trigger": {
      "main": [
        [
          {
            "node": "HTTP Request",
            "type": "main",
            "index": 0
          }
        ]
      ]
    },
    "Split Out": {
      "main": [
        [
          {
            "node": "Remove Duplicates1",
            "type": "main",
            "index": 0
          }
        ]
      ]
    },
    "Remove Duplicates1": {
      "main": [
        [
          {
            "node": "Google Sheets",
            "type": "main",
            "index": 0
          }
        ]
      ]
    }
  },
  "active": false,
  "settings": {
    "executionOrder": "v1"
  },
  "versionId": "cdb3a8ba-0d1d-4886-89d5-71e9aab6b035",
  "meta": {
    "templateCredsSetupCompleted": true,
    "instanceId": "95e5a8c2e51c83e33b232ea792bbe3f063c094c33d9806a5565cb31759e1ad39"
  },
  "id": "c20yHkSbKSVp5EFJ",
  "tags": []
}